,Training Error,Test Error,True Error,Training SE,Test SE,True SE
MLR_lowNoise,0.7062401374525618,0.7130852497618629,0.7064436591267728,0.0008336940357229289,0.02670577504265722,0.00034411517316985636
