epoch,loss,mean_squared_error,val_loss,val_mean_squared_error
0,0.9865922927856445,0.9865922927856445,0.952202320098877,0.952202320098877
