,Training Error,Test Error,True Error,Training SE,Test SE,True SE
FNN_lowNoise,0.1289529337435775,0.24022302126336162,0.1322612614270584,0.005952588769439883,0.009823542174209925,0.005824594789636783
