,Training Error,Test Error,True Error,Training SE,Test SE,True SE
QPR_lowNoise,0.5434026021785406,0.5535134816885915,0.5437032229766591,0.0008268345471496283,0.02315254795626766,0.00041193353225720187
