,Training Error,Test Error,True Error,Training SE,Test SE,True SE
RNN_lowNoise,0.07343187774814193,0.08303666090643741,0.0737174510768726,0.007308523539733706,0.007769536465382481,0.007293595503269391
